"","id","name","terminalName","lastCommWithServer","lat","long","installed","locked","installDate","removalDate","temporary","public","nbBikes","nbEmptyDocks","latestUpdateTime","date","total","percentBikes","percentDocks"
"1","1","20th & Bell St","31000","1402254284168","38.8561","-77.0512","true","false","1316059200000","","false","true",23,29,"1402245792037",2014-06-08 12:43:12,52,0.442307692307692,0.557692307692308
"2","2","18th & Eads St.","31001","1402254260272","38.85725","-77.05332","true","false","1284989400000","","false","true",13,32,"1402253252248",2014-06-08 14:47:32,45,0.288888888888889,0.711111111111111
"3","3","20th & Crystal Dr","31002","1402254356363","38.8564","-77.0492","true","false","1284464580000","","false","true",7,2,"1402254355699",2014-06-08 15:05:55,9,0.777777777777778,0.222222222222222
"4","4","15th & Crystal Dr","31003","1402254200242","38.86017","-77.049593","true","false","1284464880000","","false","true",19,32,"1402253474468",2014-06-08 14:51:14,51,0.372549019607843,0.627450980392157
"5","5","Aurora Hills Community Ctr/18th & Hayes St","31004","1402254269649","38.857866","-77.05949","true","false","1284464880000","","false","true",26,13,"1402250453716",2014-06-08 14:00:53,39,0.666666666666667,0.333333333333333
"6","6","12th & Hayes St /  Pentagon City Metro","31005","1402254363968","38.862303","-77.059936","true","false","1284464940000","","false","true",22,7,"1402252409532",2014-06-08 14:33:29,29,0.758620689655172,0.241379310344828
"7","7","S Joyce & Army Navy Dr","31006","1402254398014","38.8637","-77.0633","true","false","1284464940000","","false","true",4,1,"1402253190104",2014-06-08 14:46:30,5,0.8,0.2
"8","8","Crystal City Metro / 18th & Bell St","31007","1402254227973","38.8573","-77.0511","true","false","1284465000000","","false","true",1,9,"1402251236303",2014-06-08 14:13:56,10,0.1,0.9
"9","9","12th & Army Navy Dr","31008","1402254369887","38.8629","-77.0528","true","false","1284465000000","","false","true",21,31,"1402254368037",2014-06-08 15:06:08,52,0.403846153846154,0.596153846153846
"10","10","27th & Crystal Dr","31009","1402254334008","38.848441","-77.051516","true","false","1284465060000","","false","true",4,31,"1402239864680",2014-06-08 11:04:24,35,0.114285714285714,0.885714285714286
"11","11","S Glebe & Potomac Ave","31010","1402254203131","38.8426","-77.0502","true","false","1284465120000","","false","true",26,13,"1402254201791",2014-06-08 15:03:21,39,0.666666666666667,0.333333333333333
"12","12","23rd & Crystal Dr","31011","1402254375307","38.8533","-77.0498","true","false","1284465120000","","false","true",26,32,"1402252924532",2014-06-08 14:42:04,58,0.448275862068966,0.551724137931034
"13","13","26th & S Clark St","31012","1402254210351","38.850688","-77.05152","true","false","1284465300000","","false","true",25,23,"1402252196863",2014-06-08 14:29:56,48,0.520833333333333,0.479166666666667
"14","14","19th St & Pennsylvania Ave NW","31100","1402254289275","38.9003","-77.0429","true","false","1284465360000","","false","true",13,5,"1402253805741",2014-06-08 14:56:45,18,0.722222222222222,0.277777777777778
"15","15","14th & V St NW","31101","1402254304224","38.9176","-77.0321","true","false","1284465420000","","false","true",19,16,"1402254302758",2014-06-08 15:05:02,35,0.542857142857143,0.457142857142857
"16","16","11th & Kenyon St NW","31102","1402254377828","38.929464","-77.027822","true","false","1286539080000","","false","true",1,21,"1402252126172",2014-06-08 14:28:46,22,0.0454545454545455,0.954545454545455
"17","17","16th & Harvard St NW","31103","1402254335042","38.926088","-77.036536","true","false","1284465480000","","false","true",21,22,"1402254334035",2014-06-08 15:05:34,43,0.488372093023256,0.511627906976744
"18","18","Adams Mill & Columbia Rd NW","31104","1402254334796","38.922925","-77.042581","true","false","1284465540000","","false","true",5,13,"1402253850909",2014-06-08 14:57:30,18,0.277777777777778,0.722222222222222
"19","19","14th & Harvard St NW","31105","1402254369028","38.9268","-77.0322","true","false","1284465540000","","false","true",1,12,"1402254367763",2014-06-08 15:06:07,13,0.0769230769230769,0.923076923076923
"20","20","Calvert & Biltmore St NW","31106","1402254319577","38.923203","-77.047637","true","false","1284465600000","","false","true",1,17,"1402253111642",2014-06-08 14:45:11,18,0.0555555555555556,0.944444444444444
"21","21","Lamont & Mt Pleasant NW","31107","1402254274933","38.9319","-77.0388","true","false","1284465600000","","false","true",2,11,"1402253791060",2014-06-08 14:56:31,13,0.153846153846154,0.846153846153846
"22","22","4th & M St SW","31108","1402254402112","38.8767","-77.0178","true","false","1284465660000","","false","true",23,8,"1402254401462",2014-06-08 15:06:41,31,0.741935483870968,0.258064516129032
"23","23","15th & P St NW","31201","1402254314924","38.90985","-77.034438","true","false","1284465660000","","false","true",4,30,"1402254314036",2014-06-08 15:05:14,34,0.117647058823529,0.882352941176471
"24","24","14th & R St NW","31202","1402254334292","38.912682","-77.031681","true","false","1284465720000","","false","true",3,29,"1402254333444",2014-06-08 15:05:33,32,0.09375,0.90625
"25","25","14th & Rhode Island Ave NW","31203","1402254251372","38.9086","-77.0323","true","false","1284465780000","","false","true",19,11,"1402254008948",2014-06-08 15:00:08,30,0.633333333333333,0.366666666666667
"26","26","20th & E St NW","31204","1402254205166","38.8963","-77.045","true","false","1284465840000","","false","true",1,7,"1402249074137",2014-06-08 13:37:54,8,0.125,0.875
"27","27","21st & I St NW","31205","1402254242871","38.9008","-77.047","true","false","1283861040000","","false","true",19,25,"1402254241611",2014-06-08 15:04:01,44,0.431818181818182,0.568181818181818
"28","28","Georgia & New Hampshire Ave NW","31400","1402254253120","38.936043","-77.024649","true","false","1284465900000","","false","true",13,4,"1402254252702",2014-06-08 15:04:12,17,0.764705882352941,0.235294117647059
"29","29","14th St & Spring Rd NW","31401","1402254413834","38.9375","-77.0328","true","false","1284465960000","","false","true",1,4,"1402254171107",2014-06-08 15:02:51,5,0.2,0.8
"30","30","John McCormack Dr & Michigan Ave NE","31502","1402254341308","38.9346","-76.9955","true","false","1284465960000","","false","true",22,30,"1402250323390",2014-06-08 13:58:43,52,0.423076923076923,0.576923076923077
"31","31","5th & K St NW","31600","1402254359615","38.90304","-77.019027","true","false","1284466020000","","false","true",3,33,"1402254359224",2014-06-08 15:05:59,36,0.0833333333333333,0.916666666666667
"32","32","19th & East Capitol St SE","31601","1402254400048","38.8896","-76.9769","true","false","1284466020000","","false","true",21,4,"1402253916802",2014-06-08 14:58:36,25,0.84,0.16
"33","33","Park Rd & Holmead Pl NW","31602","1402254360129","38.9308","-77.0315","true","false","1284466080000","","false","true",1,12,"1402252910491",2014-06-08 14:41:50,13,0.0769230769230769,0.923076923076923
"34","34","Good Hope & Naylor Rd SE","31700","1402254304735","38.8601","-76.9672","true","false","1284466140000","","false","true",2,3,"1402249737736",2014-06-08 13:48:57,5,0.4,0.6
"35","35","Connecticut Ave & Newark St NW / Cleveland Park","31305","1402254199188","38.934267","-77.057979","true","false","1289241840000","","false","true",23,29,"1402253057125",2014-06-08 14:44:17,52,0.442307692307692,0.557692307692308
"36","36","Randle Circle & Minnesota Ave SE","31702","1402254359318","38.878","-76.9607","true","false","1284466200000","","false","true",22,30,"1402205126717",2014-06-08 01:25:26,52,0.423076923076923,0.576923076923077
"37","37","Minnesota Ave Metro/DOES","31703","1402254292491","38.897063","-76.947446","true","false","1284466200000","","false","true",2,3,"1402248962261",2014-06-08 13:36:02,5,0.4,0.6
"38","38","Nannie Helen Burroughs & Minnesota Ave NE","31704","1402254366163","38.901385","-76.941877","true","false","1386766320000","1298396940000","false","true",24,28,"1402205126863",2014-06-08 01:25:26,52,0.461538461538462,0.538461538461538
"39","39","Anacostia Metro","31801","1402254401528","38.862669","-76.994637","true","false","1284466260000","","false","true",23,29,"1402250193824",2014-06-08 13:56:33,52,0.442307692307692,0.557692307692308
"40","40","Good Hope Rd & MLK Ave SE","31802","1402254185727","38.867373","-76.988039","true","false","1305288720000","","false","true",19,32,"1402247412988",2014-06-08 13:10:12,51,0.372549019607843,0.627450980392157
"41","41","19th & E Street NW","31206","1402254392822","38.8952","-77.0436","true","false","1284545040000","","false","true",2,3,"1402252218988",2014-06-08 14:30:18,5,0.4,0.6
"42","42","4th St & Rhode Island Ave NE","31500","1402254416892","38.919488","-77.000624","true","false","1289970000000","","false","true",23,29,"1402254416184",2014-06-08 15:06:56,52,0.442307692307692,0.557692307692308
"43","43","10th & U St NW","31111","1402254249878","38.9172","-77.0259","true","false","1285822380000","","false","true",2,6,"1402254063269",2014-06-08 15:01:03,8,0.25,0.75
"44","44","Georgia Ave and Fairmont St NW","31207","1402254272472","38.9249","-77.0222","true","false","1285041600000","","false","true",19,32,"1402253587920",2014-06-08 14:53:07,51,0.372549019607843,0.627450980392157
"45","45","1st & N St  SE","31209","1402254297992","38.8743","-77.0057","true","false","1285041600000","","false","true",23,26,"1402245869939",2014-06-08 12:44:29,49,0.469387755102041,0.530612244897959
"46","46","20th St & Florida Ave NW","31110","1402254386264","38.9154","-77.0446","true","false","1285217520000","","false","true",1,8,"1402254384903",2014-06-08 15:06:24,9,0.111111111111111,0.888888888888889
"47","47","7th & T St NW","31109","1402254181541","38.9155","-77.0222","true","false","1285735680000","","false","true",3,28,"1402253938588",2014-06-08 14:58:58,31,0.0967741935483871,0.903225806451613
"48","48","23rd & Eads St","31013","1402254306461","38.853613","-77.053535","true","false","1287562620000","","false","true",21,31,"1402253662686",2014-06-08 14:54:22,52,0.403846153846154,0.596153846153846
"49","49","M St & New Jersey Ave SE","31208","1402254418402","38.8763","-77.0037","true","false","1285041600000","","false","true",21,6,"1402253452015",2014-06-08 14:50:52,27,0.777777777777778,0.222222222222222
"50","51","Massachusetts Ave & Dupont Circle NW","31200","1402254252261","38.9101","-77.0444","true","false","1284523200000","","false","true",8,24,"1402254252334",2014-06-08 15:04:12,32,0.25,0.75
"51","52","1st & M St NE","31603","1402254363500","38.9057","-77.0056","true","false","1287115200000","","false","true",13,5,"1402254361708",2014-06-08 15:06:01,18,0.722222222222222,0.277777777777778
"52","53","21st & M St NW","31212","1402254378955","38.90534","-77.046774","true","false","1285041600000","","false","true",19,9,"1402253895136",2014-06-08 14:58:15,28,0.678571428571429,0.321428571428571
"53","54","17th & K St NW","31213","1402254237926","38.90276","-77.03863","true","false","1306236960000","","false","true",3,33,"1402254236438",2014-06-08 15:03:56,36,0.0833333333333333,0.916666666666667
"54","55","3rd & H St NW","31604","1402254281856","38.899408","-77.015289","true","false","1287028800000","","false","true",23,33,"1402253557634",2014-06-08 14:52:37,56,0.410714285714286,0.589285714285714
"55","56","3rd & D St SE","31605","1402254407451","38.8851","-77.0023","true","false","1287201600000","","false","true",1,4,"1402253181596",2014-06-08 14:46:21,5,0.2,0.8
"56","57","Potomac & Pennsylvania Ave SE","31606","1402254222188","38.8803","-76.9862","true","false","1287460800000","","false","true",2,5,"1402253979790",2014-06-08 14:59:39,7,0.285714285714286,0.714285714285714
"57","58","14th & D St SE","31607","1402254304466","38.884","-76.9861","true","false","1287374400000","","false","true",26,29,"1402254302969",2014-06-08 15:05:02,55,0.472727272727273,0.527272727272727
"58","59","17th & Corcoran St NW","31214","1402254401544","38.9121","-77.0387","true","false","1294078980000","","false","true",13,10,"1402254311282",2014-06-08 15:05:11,23,0.565217391304348,0.434782608695652
"59","60","Van Ness Metro / UDC","31300","1402254278821","38.944551","-77.063896","true","false","1289624400000","","false","true",1,8,"1402251124687",2014-06-08 14:12:04,9,0.111111111111111,0.888888888888889
"60","61","Florida Ave & R St NW","31503","1402254254235","38.9126","-77.0135","true","false","1290056400000","","false","true",1,7,"1402253510573",2014-06-08 14:51:50,8,0.125,0.875
"61","62","8th & Eye St SE / Barracks Row","31608","1402254316493","38.8792","-76.9953","true","false","1287374400000","","false","true",1,4,"1402249875312",2014-06-08 13:51:15,5,0.2,0.8
"62","63","Ward Circle / American University","31301","1402254248495","38.938736","-77.087171","true","false","1289538000000","","false","true",21,4,"1402251505611",2014-06-08 14:18:25,25,0.84,0.16
"63","64","Idaho Ave & Newark St NW [on 2nd District patio]","31302","1402254303420","38.934751","-77.074647","true","false","1289970000000","","false","true",1,8,"1402253337829",2014-06-08 14:48:57,9,0.111111111111111,0.888888888888889
"64","65","14th St Heights / 14th & Crittenden St NW","31402","1402254308172","38.947774","-77.032818","true","false","1289970000000","","false","true",13,33,"1402253582559",2014-06-08 14:53:02,46,0.282608695652174,0.717391304347826
"65","66","Anacostia Library","31804","1402254391467","38.865784","-76.9784","true","false","1288584000000","","false","true",23,29,"1402249552311",2014-06-08 13:45:52,52,0.442307692307692,0.557692307692308
"66","67","Pennsylvania & Minnesota Ave SE","31805","1402254285456","38.873057","-76.971015","true","false","1288584000000","","false","true",26,13,"1402205204540",2014-06-08 01:26:44,39,0.666666666666667,0.333333333333333
"67","68","Eastern Market / 7th & North Carolina Ave SE","31610","1402254285332","38.886952","-76.996806","true","false","1282363200000","","false","true",25,31,"1402254283424",2014-06-08 15:04:43,56,0.446428571428571,0.553571428571429
"68","69","McPherson Square / 14th & H St NW","31216","1402254281752","38.899641","-77.032005","true","false","1284436800000","","false","true",1,12,"1402253556621",2014-06-08 14:52:36,13,0.0769230769230769,0.923076923076923
"69","70","Benning Branch Library","31705","1402254241955","38.894","-76.947974","true","false","1288584000000","","false","true",23,29,"1402254000285",2014-06-08 15:00:00,52,0.442307692307692,0.557692307692308
"70","71","USDA / 12th & Independence Ave SW","31217","1402254261989","38.887237","-77.028226","true","false","1286297580000","","false","true",7,19,"1402253295337",2014-06-08 14:48:15,26,0.269230769230769,0.730769230769231
"71","72","Georgetown Harbor / 30th St NW","31215","1402254307117","38.9022212","-77.059219","true","false","1286300580000","","false","true",7,23,"1402254306819",2014-06-08 15:05:06,30,0.233333333333333,0.766666666666667
"72","73","12th & Newton St NE","31501","1402254332327","38.933668","-76.991016","true","false","1286306220000","","false","true",25,23,"1402252423671",2014-06-08 14:33:43,48,0.520833333333333,0.479166666666667
"73","74","US Dept of State / Virginia Ave & 21st St NW","31220","1402254335323","38.894919","-77.046587","true","false","1286661900000","","false","true",13,6,"1402253366362",2014-06-08 14:49:26,19,0.684210526315789,0.315789473684211
"74","75","L'Enfant Plaza / 7th & C St SW","31218","1402254337188","38.886266","-77.022241","true","false","1286410980000","","false","true",4,28,"1402253853148",2014-06-08 14:57:33,32,0.125,0.875
"75","76","10th St & Constitution Ave NW","31219","1402254418552","38.893028","-77.026013","true","false","1286497620000","","false","true",17,29,"1402254350088",2014-06-08 15:05:50,46,0.369565217391304,0.630434782608696
"76","77","Kennedy Center","31211","1402254240964","38.895184","-77.054845","true","false","1286325060000","","false","true",22,28,"1402254240240",2014-06-08 15:04:00,50,0.44,0.56
"77","78","Eastern Market Metro / Pennsylvania Ave & 7th St SE","31613","1402254357802","38.884","-76.995397","true","false","1286411820000","","false","true",2,9,"1402254356025",2014-06-08 15:05:56,11,0.181818181818182,0.818181818181818
"78","79","18th & M St NW","31221","1402254217782","38.904742","-77.041606","true","false","1286458140000","","false","true",24,4,"1402253975698",2014-06-08 14:59:35,28,0.857142857142857,0.142857142857143
"79","80","Tenleytown / Wisconsin Ave & Albemarle St NW","31303","1402254322861","38.947607","-77.079382","true","false","1287150300000","","false","true",24,32,"1402254322212",2014-06-08 15:05:22,56,0.428571428571429,0.571428571428571
"80","81","13th & H St NE","31611","1402254405646","38.9003","-76.9882","true","false","1286547000000","","false","true",12,32,"1402254404640",2014-06-08 15:06:44,44,0.272727272727273,0.727272727272727
"81","82","5th & F St NW","31620","1402254364736","38.897222","-77.019347","true","false","1286492280000","","false","true",16,30,"1402254122494",2014-06-08 15:02:02,46,0.347826086956522,0.652173913043478
"82","83","New York Ave & 15th St NW","31222","1402254419354","38.8991","-77.0337","true","false","1286631960000","","false","true",6,2,"1402254418135",2014-06-08 15:06:58,8,0.75,0.25
"83","84","Convention Center / 7th & M St NW","31223","1402254280662","38.90572","-77.022264","true","false","1286631960000","","false","true",26,3,"1402253512687",2014-06-08 14:51:52,29,0.896551724137931,0.103448275862069
"84","85","Harvard St & Adams Mill Rd NW","31112","1402254302845","38.927872","-77.043358","true","false","1294164840000","","false","true",8,1,"1402253815020",2014-06-08 14:56:55,9,0.888888888888889,0.111111111111111
"85","86","19th & L St NW","31224","1402254324937","38.903407","-77.043648","true","false","1287182880000","","false","true",13,5,"1402254324123",2014-06-08 15:05:24,18,0.722222222222222,0.277777777777778
"86","87","C & O Canal & Wisconsin Ave NW","31225","1402254257781","38.90375","-77.06269","true","false","1287460800000","","false","true",15,1,"1402254015790",2014-06-08 15:00:15,16,0.9375,0.0625
"87","88","6th & Water St SW / SW Waterfront","31609","1402254393731","38.87675","-77.02127","true","false","1287720000000","","false","true",3,33,"1402254273769",2014-06-08 15:04:33,36,0.0833333333333333,0.916666666666667
"88","89","D St & Maryland Ave NE","31612","1402254362540","38.894758","-76.997114","true","false","1330094460000","","false","true",22,8,"1402253772686",2014-06-08 14:56:12,30,0.733333333333333,0.266666666666667
"89","90","34th St & Wisconsin Ave NW","31226","1402254355572","38.916442","-77.0682","true","false","1287182760000","","false","true",13,33,"1402252864455",2014-06-08 14:41:04,46,0.282608695652174,0.717391304347826
"90","91","13th St & New York Ave NW","31227","1402254286199","38.900283","-77.029822","true","false","1287416880000","","false","true",13,14,"1402254284570",2014-06-08 15:04:44,27,0.481481481481481,0.518518518518518
"91","92","8th & H St NW","31228","1402254385405","38.8997","-77.023086","true","false","1287115200000","","false","true",3,17,"1402254169034",2014-06-08 15:02:49,20,0.15,0.85
"92","93","10th & Monroe St NE","31504","1402254285403","38.932514","-76.992889","true","false","1287096120000","","false","true",2,33,"1402252111473",2014-06-08 14:28:31,35,0.0571428571428571,0.942857142857143
"93","94","Eckington Pl & Q St NE","31505","1402254287390","38.910972","-77.00495","true","false","1287096120000","","false","true",3,2,"1402254044563",2014-06-08 15:00:44,5,0.6,0.4
"94","95","6th & H St NE","31615","1402254270328","38.900384","-76.99831","true","false","1323696720000","","false","true",1,16,"1402253458969",2014-06-08 14:50:58,17,0.0588235294117647,0.941176470588235
"95","96","3rd & H St NE","31616","1402254417828","38.900412","-77.001949","true","false","1287096060000","","false","true",2,9,"1402254416876",2014-06-08 15:06:56,11,0.181818181818182,0.818181818181818
"96","97","Bladensburg Rd & Benning Rd NE","31617","1402254248053","38.900413","-76.982872","true","false","1288200360000","","false","true",21,4,"1402253522129",2014-06-08 14:52:02,25,0.84,0.16
"97","98","4th & East Capitol St NE","31618","1402254196817","38.889955","-77.000349","true","false","1287028800000","","false","true",2,33,"1402253954323",2014-06-08 14:59:14,35,0.0571428571428571,0.942857142857143
"98","99","Lincoln Park / 13th & East Capitol St NE ","31619","1402254293835","38.890461","-76.988355","true","false","1288038900000","","false","true",9,33,"1402253327105",2014-06-08 14:48:47,42,0.214285714285714,0.785714285714286
"99","100","Branch & Pennsylvania Ave SE","31701","1402254337813","38.8692","-76.9599","true","false","1309008600000","","false","true",22,30,"1402161136456",2014-06-07 13:12:16,52,0.423076923076923,0.576923076923077
"100","101","13th & D St NE","31622","1402254197232","38.894832","-76.987633","true","false","1288114080000","","false","true",18,13,"1402253472458",2014-06-08 14:51:12,31,0.580645161290323,0.419354838709677
"101","102","New Hampshire Ave & T St NW","31229","1402254340501","38.91554","-77.03818","true","false","1287178020000","","false","true",1,11,"1402254317691",2014-06-08 15:05:17,12,0.0833333333333333,0.916666666666667
"102","103","Metro Center / 12th & G St NW","31230","1402254258381","38.898364","-77.027869","true","false","1305259200000","","false","true",3,11,"1402254256387",2014-06-08 15:04:16,14,0.214285714285714,0.785714285714286
"103","104","14th & D St NW / Ronald Reagan Building","31231","1402254409134","38.894514","-77.031617","true","false","1303306260000","","false","true",4,7,"1402254022322",2014-06-08 15:00:22,11,0.363636363636364,0.636363636363636
"104","105","7th & F St NW / National Portrait Gallery","31232","1402254256489","38.897324","-77.022322","true","false","1304108940000","","false","true",7,29,"1402254254993",2014-06-08 15:04:14,36,0.194444444444444,0.805555555555556
"105","106","17th & K St NW / Farragut Square","31233","1402254254459","38.902061","-77.038322","true","false","1304022480000","","false","true",19,17,"1402254012659",2014-06-08 15:00:12,36,0.527777777777778,0.472222222222222
"106","107","20th & O St NW / Dupont South","31234","1402254391493","38.908905","-77.04478","true","false","1328850000000","","false","true",1,11,"1402253907577",2014-06-08 14:58:27,12,0.0833333333333333,0.916666666666667
"107","108","4th & D St NW / Judiciary Square","31621","1402254333629","38.895344","-77.016106","true","false","1304481600000","","false","true",5,23,"1402253461630",2014-06-08 14:51:01,28,0.178571428571429,0.821428571428571
"108","109","19th St & Constitution Ave NW","31235","1402254357234","38.8923","-77.0436","true","false","1287607080000","","false","true",1,27,"1402254216069",2014-06-08 15:03:36,28,0.0357142857142857,0.964285714285714
"109","110","37th & O St NW / Georgetown University","31236","1402254392634","38.90774","-77.071652","true","false","1288037580000","","false","true",6,33,"1402254391607",2014-06-08 15:06:31,39,0.153846153846154,0.846153846153846
"110","111","11th & H St NE","31614","1402254181175","38.899983","-76.991383","true","false","1323666000000","","false","true",10,13,"1402254179932",2014-06-08 15:02:59,23,0.434782608695652,0.565217391304348
"111","112","25th St & Pennsylvania Ave NW","31237","1402254284726","38.903827","-77.053485","true","false","1288551000000","","false","true",24,31,"1402253801064",2014-06-08 14:56:41,55,0.436363636363636,0.563636363636364
"112","113","Columbus Circle / Union Station","31623","1402254206728","38.89696","-77.00493","true","false","1285905600000","","false","true",23,18,"1402254205889",2014-06-08 15:03:25,41,0.560975609756098,0.439024390243902
"113","114","North Capitol St & F St NW","31624","1402254230126","38.897446","-77.009888","true","false","1288122720000","","false","true",7,31,"1402253987935",2014-06-08 14:59:47,38,0.184210526315789,0.815789473684211
"114","115","11th & M St NW","31266","1402254258660","38.905607","-77.027137","true","false","1364995680000","","false","true",1,10,"1402254257969",2014-06-08 15:04:17,11,0.0909090909090909,0.909090909090909
"115","116","36th & Calvert St NW / Glover Park","31304","1402254187025","38.922581","-77.070334","true","false","1289236620000","","false","true",3,29,"1402250792027",2014-06-08 14:06:32,32,0.09375,0.90625
"116","117","14th & G St NW","31238","1402254272322","38.898069","-77.031823","true","false","1289237340000","","false","true",25,8,"1402253788100",2014-06-08 14:56:28,33,0.757575757575758,0.242424242424242
"117","118","Potomac Ave & 35th St S","31052","1402254205395","38.844015","-77.050537","true","false","1351092960000","","false","true",25,8,"1402253238921",2014-06-08 14:47:18,33,0.757575757575758,0.242424242424242
"118","124","Ohio Dr & West Basin Dr SW / MLK & FDR Memorials","31240","1402254418066","38.88412","-77.04657","true","false","1331904960000","","false","true",3,33,"1402254332687",2014-06-08 15:05:32,36,0.0833333333333333,0.916666666666667
"119","125","11th & F St NW","31262","1402254248141","38.897857","-77.026975","true","false","1359981840000","","false","true",6,2,"1402253364188",2014-06-08 14:49:24,8,0.75,0.25
"120","126","23rd & E St NW ","31260","1402254297723","38.896104","-77.049882","true","false","1359652440000","","false","true",21,8,"1402253572388",2014-06-08 14:52:52,29,0.724137931034483,0.275862068965517
"121","127","Lynn & 19th St North","31014","1402254206160","38.897315","-77.070993","true","false","1302957060000","","false","true",11,1,"1402253897406",2014-06-08 14:58:17,12,0.916666666666667,0.0833333333333333
"122","128","Rosslyn Metro / Wilson Blvd & Ft Myer Dr","31015","1402254325513","38.8946","-77.072305","true","false","1302957120000","","false","true",6,2,"1402254083242",2014-06-08 15:01:23,8,0.75,0.25
"123","129","Clarendon Blvd & Pierce St","31016","1402254283184","38.893648","-77.076701","true","false","1302957960000","","false","true",19,32,"1402254282634",2014-06-08 15:04:42,51,0.372549019607843,0.627450980392157
"124","130","Court House Metro / Wilson Blvd & N Uhle St","31017","1402254412267","38.891696","-77.0846","true","false","1320933600000","","false","true",1,7,"1402253487449",2014-06-08 14:51:27,8,0.125,0.875
"125","131","N Rhodes & 16th St N","31018","1402254341227","38.892164","-77.079375","true","false","1302963480000","","false","true",22,30,"1402253004418",2014-06-08 14:43:24,52,0.423076923076923,0.576923076923077
"126","132","Fairfax Village","31706","1402254208728","38.86559","-76.952103","true","false","1311771600000","","false","true",24,32,"1402216082212",2014-06-08 04:28:02,56,0.428571428571429,0.571428571428571
"127","133","21st St & Constitution Ave NW","31261","1402254195146","38.892459","-77.046567","true","false","1359639120000","","false","true",21,4,"1402253953118",2014-06-08 14:59:13,25,0.84,0.16
"128","134","Wilson Blvd & N Edgewood St","31019","1402254286650","38.889","-77.0925","true","false","1321015980000","","false","true",2,7,"1402254285234",2014-06-08 15:04:45,9,0.222222222222222,0.777777777777778
"129","135","Columbia Rd & Belmont St NW","31113","1402254334317","38.920669","-77.04368","true","false","1321625100000","","false","true",19,9,"1402254333305",2014-06-08 15:05:33,28,0.678571428571429,0.321428571428571
"130","136","17th & Rhode Island Ave NW","31239","1402254417171","38.906602","-77.038785","true","false","1321639800000","","false","true",2,15,"1402252968208",2014-06-08 14:42:48,17,0.117647058823529,0.882352941176471
"131","137","Thomas Circle","31241","1402254414503","38.9059","-77.0325","true","false","1321714320000","","false","true",24,20,"1402254413059",2014-06-08 15:06:53,44,0.545454545454545,0.454545454545455
"132","138","Wilson Blvd & Franklin Rd","31020","1402254230448","38.8904","-77.0889","true","false","1322715600000","","false","true",22,29,"1402254228966",2014-06-08 15:03:48,51,0.431372549019608,0.568627450980392
"133","139","Clarendon Blvd & N Fillmore St","31021","1402254406194","38.8881","-77.09308","true","false","1321981080000","","false","true",19,5,"1402251508409",2014-06-08 14:18:28,24,0.791666666666667,0.208333333333333
"134","140","Clarendon Metro / Wilson Blvd & N Highland St","31022","1402254386059","38.88786","-77.094875","true","false","1321983480000","","false","true",22,5,"1402251689605",2014-06-08 14:21:29,27,0.814814814814815,0.185185185185185
"135","141","18th St & Pennsylvania Ave NW","31242","1402254382543","38.89968","-77.041539","true","false","1322571600000","","false","true",13,6,"1402254381179",2014-06-08 15:06:21,19,0.684210526315789,0.315789473684211
"136","142","Maryland & Independence Ave SW","31243","1402254376736","38.887299","-77.018939","true","false","1327669020000","","false","true",20,29,"1402254375083",2014-06-08 15:06:15,49,0.408163265306122,0.591836734693878
"137","143","4th & E St SW","31244","1402254385869","38.88412","-77.017445","true","false","1322756880000","","false","true",19,8,"1402253902024",2014-06-08 14:58:22,27,0.703703703703704,0.296296296296296
"138","144","3rd & G St SE","31625","1402254350234","38.881185","-77.001828","true","false","1322661660000","","false","true",19,8,"1402253462292",2014-06-08 14:51:02,27,0.703703703703704,0.296296296296296
"139","145","7th & R St NW / Shaw Library","31245","1402254293275","38.912719","-77.022155","true","false","1322583120000","","false","true",8,1,"1402254051157",2014-06-08 15:00:51,9,0.888888888888889,0.111111111111111
"140","146","9th & Upshur St NW","31404","1402254277948","38.9418","-77.0251","true","false","1323194880000","","false","true",22,3,"1402251636260",2014-06-08 14:20:36,25,0.88,0.12
"141","147","1st & Rhode Island Ave NW","31506","1402254347358","38.915417","-77.012289","true","false","1323178380000","","false","true",5,23,"1402253703346",2014-06-08 14:55:03,28,0.178571428571429,0.821428571428571
"142","148","Columbia Rd & Georgia Ave NW","31115","1402254318542","38.928156","-77.02344","true","false","1323234000000","","false","true",22,5,"1402254317781",2014-06-08 15:05:17,27,0.814814814814815,0.185185185185185
"143","149","California St & Florida Ave NW","31116","1402254218271","38.917761","-77.04062","true","false","1323752400000","","false","true",22,7,"1402253493222",2014-06-08 14:51:33,29,0.758620689655172,0.241379310344828
"144","150","Benning Rd & East Capitol St NE / Benning Rd Metro","31707","1402254183515","38.889935","-76.93723","true","false","1324404360000","","false","true",26,3,"1402239541395",2014-06-08 10:59:01,29,0.896551724137931,0.103448275862069
"145","151","3000 Connecticut Ave NW / National Zoo","31307","1402254210433","38.930282","-77.055599","true","false","1324496640000","","false","true",2,7,"1402252761577",2014-06-08 14:39:21,9,0.222222222222222,0.777777777777778
"146","152","Anacostia Ave & Benning Rd NE / River Terrace ","31708","1402254328389","38.896544","-76.96012","true","false","1324402320000","","false","true",23,33,"1402249348890",2014-06-08 13:42:28,56,0.410714285714286,0.589285714285714
"147","153","M St & Pennsylvania Ave NW","31246","1402254374764","38.905126","-77.056887","true","false","1324485480000","","false","true",23,4,"1402254132757",2014-06-08 15:02:12,27,0.851851851851852,0.148148148148148
"148","154","15th St & Massachusetts Ave SE","31626","1402254285137","38.88732","-76.983569","true","false","1324565040000","","false","true",23,32,"1402253560152",2014-06-08 14:52:40,55,0.418181818181818,0.581818181818182
"149","155","Congress Heights Metro","31806","1402254395168","38.844711","-76.987823","true","false","1324581180000","","false","true",21,3,"1402195186471",2014-06-07 22:39:46,24,0.875,0.125
"150","156","N Quincy St & Glebe Rd","31035","1402254342837","38.876393","-77.107735","true","false","1335552600000","","false","true",21,31,"1402249965875",2014-06-08 13:52:45,52,0.403846153846154,0.596153846153846
"151","157","Wilson Blvd & N Oakland St","31033","1402254342948","38.8815","-77.10396","true","false","1335387720000","","false","true",1,4,"1402253858842",2014-06-08 14:57:38,5,0.2,0.8
"152","158","N Veitch  & 20th St N","31029","1402254245590","38.896923","-77.086502","true","false","1335213360000","","false","true",19,3,"1402254244577",2014-06-08 15:04:04,22,0.863636363636364,0.136363636363636
"153","159","11th & K St NW","31263","1402254408791","38.90268","-77.02674","true","false","1360936140000","","false","true",13,9,"1402253682869",2014-06-08 14:54:42,22,0.590909090909091,0.409090909090909
"154","160","Fairfax Dr & Wilson Blvd","31023","1402254208505","38.885801","-77.097745","true","false","1335545880000","","false","true",22,29,"1402252706947",2014-06-08 14:38:26,51,0.431372549019608,0.568627450980392
"155","161","Key Blvd & N Quinn St","31027","1402254365177","38.896015","-77.078107","true","false","1335195480000","","false","true",21,31,"1402253459686",2014-06-08 14:50:59,52,0.403846153846154,0.596153846153846
"156","162","1st & K St SE","31628","1402254342069","38.87861","-77.006004","true","false","1328717220000","","false","true",22,3,"1402253701282",2014-06-08 14:55:01,25,0.88,0.12
"157","163","39th & Calvert St NW / Stoddert","31306","1402254251007","38.922649","-77.077271","true","false","1328898300000","","false","true",1,11,"1402252470596",2014-06-08 14:34:30,12,0.0833333333333333,0.916666666666667
"158","164","1st & Washington Hospital Center NW","31507","1402254413381","38.928743","-77.012457","true","false","1329153540000","","false","true",21,4,"1402250415973",2014-06-08 14:00:15,25,0.84,0.16
"159","165","Virginia Square Metro / N Monroe St & 9th St N","31024","1402254268146","38.882788","-77.103148","true","false","1329508980000","","false","true",2,11,"1402254026215",2014-06-08 15:00:26,13,0.153846153846154,0.846153846153846
"160","166","Central Library / N Quincy St & 10th St N","31025","1402254252927","38.88397","-77.10783","true","false","1329493920000","","false","true",23,29,"1402251476271",2014-06-08 14:17:56,52,0.442307692307692,0.557692307692308
"161","167","Washington Blvd & 10th St N","31026","1402254190199","38.884734","-77.093485","true","false","1329944340000","","false","true",22,33,"1402249885257",2014-06-08 13:51:25,55,0.4,0.6
"162","168","Jefferson Dr & 14th St SW","31247","1402254412608","38.888553","-77.032429","true","false","1331911860000","","false","true",5,3,"1402254411940",2014-06-08 15:06:51,8,0.625,0.375
"163","169","Smithsonian / Jefferson Dr & 12th St SW","31248","1402254413040","38.888767","-77.02858","true","false","1333369620000","","false","true",9,28,"1402254412380",2014-06-08 15:06:52,37,0.243243243243243,0.756756756756757
"164","170","George Mason Dr & Wilson Blvd","31036","1402254393528","38.87887","-77.1207","true","false","1335805380000","","false","true",26,30,"1402254150910",2014-06-08 15:02:30,56,0.464285714285714,0.535714285714286
"165","171","6th St & Indiana Ave NW","31264","1402254349221","38.894573","-77.01994","true","false","1364990040000","","false","true",12,1,"1402254348830",2014-06-08 15:05:48,13,0.923076923076923,0.0769230769230769
"166","172","N Veitch & Key Blvd","31028","1402254222451","38.893241","-77.086045","true","false","1335202980000","","false","true",2,3,"1402252771325",2014-06-08 14:39:31,5,0.4,0.6
"167","173","N Adams St & Lee Hwy","31030","1402254403509","38.89593","-77.089006","true","false","1335369060000","","false","true",1,6,"1402249753072",2014-06-08 13:49:13,7,0.142857142857143,0.857142857142857
"168","174","15th & N Scott St","31031","1402254335807","38.89054","-77.08095","true","false","1335362100000","","false","true",2,3,"1402252678937",2014-06-08 14:37:58,5,0.4,0.6
"169","175","Washington Blvd & 7th St N","31032","1402254284830","38.880834","-77.091129","true","false","1335794400000","","false","true",13,33,"1402250998697",2014-06-08 14:09:58,46,0.282608695652174,0.717391304347826
"170","176","Ballston Metro / N Stuart & 9th St N","31037","1402254256951","38.881044","-77.111768","true","false","1335817440000","","false","true",13,10,"1402250595469",2014-06-08 14:03:15,23,0.565217391304348,0.434782608695652
"171","177","N Randolph St & Fairfax Dr","31034","1402254323541","38.882629","-77.109366","true","false","1335542580000","","false","true",19,31,"1402253943193",2014-06-08 14:59:03,50,0.38,0.62
"172","178","Jefferson Memorial","31249","1402254361122","38.879819","-77.037413","true","false","1335969180000","","false","true",24,8,"1402254219919",2014-06-08 15:03:39,32,0.75,0.25
"173","179","Good Hope Rd & 14th St SE","31803","1402254240917","38.866611","-76.985238","true","false","1335981060000","","false","true",5,23,"1402250744468",2014-06-08 14:05:44,28,0.178571428571429,0.821428571428571
"174","180","Glebe Rd & 11th St N","31038","1402254249053","38.883921","-77.116817","true","false","1337269200000","","false","true",19,32,"1402247024267",2014-06-08 13:03:44,51,0.372549019607843,0.627450980392157
"175","181","N Quincy St & Wilson Blvd","31039","1402254385741","38.880151","-77.107673","true","false","1338301620000","","false","true",2,3,"1402254384802",2014-06-08 15:06:24,5,0.4,0.6
"176","182","Fairfax Dr & Kenmore St","31040","1402254199959","38.884616","-77.10108","true","false","1366814880000","","false","true",23,29,"1402250781429",2014-06-08 14:06:21,52,0.442307692307692,0.557692307692308
"177","183","Gallaudet / 8th St & Florida Ave NE","31508","1402254194989","38.90509","-76.9941","true","false","1342033620000","","false","true",6,29,"1402249366661",2014-06-08 13:42:46,35,0.171428571428571,0.828571428571429
"178","185","20th & L St NW","31250","1402254307835","38.903584","-77.044789","true","false","1340632500000","","false","true",2,10,"1402247424196",2014-06-08 13:10:24,12,0.166666666666667,0.833333333333333
"179","186","12th & L St NW","31251","1402254359440","38.903819","-77.0284","true","false","1340639640000","","false","true",22,7,"1402253817509",2014-06-08 14:56:57,29,0.758620689655172,0.241379310344828
"180","187","21st St & Pennsylvania Ave NW","31252","1402254407975","38.901539","-77.046564","true","false","1340811180000","","false","true",26,3,"1402253924379",2014-06-08 14:58:44,29,0.896551724137931,0.103448275862069
"181","188","19th & K St NW","31253","1402254408774","38.902204","-77.04337","true","false","1340801880000","","false","true",13,15,"1402253683551",2014-06-08 14:54:43,28,0.464285714285714,0.535714285714286
"182","189","Prince St & Union St","31041","1402254408304","38.803124","-77.040363","true","false","1346070420000","","false","true",3,32,"1402254010219",2014-06-08 15:00:10,35,0.0857142857142857,0.914285714285714
"183","190","Market Square / King St & Royal St","31042","1402254257419","38.804718","-77.043363","true","false","1346077680000","","false","true",23,32,"1402253049790",2014-06-08 14:44:09,55,0.418181818181818,0.581818181818182
"184","191","Saint Asaph St & Pendleton  St","31043","1402254417635","38.810743","-77.044664","true","false","1346084880000","","false","true",24,32,"1402254175414",2014-06-08 15:02:55,56,0.428571428571429,0.571428571428571
"185","192","King St & Patrick St","31044","1402254286790","38.805317","-77.049883","true","false","1346442900000","","false","true",23,32,"1402250023481",2014-06-08 13:53:43,55,0.418181818181818,0.581818181818182
"186","193","15th & K St NW","31254","1402254403721","38.902","-77.03353","true","false","1341232920000","","false","true",2,11,"1402254402431",2014-06-08 15:06:42,13,0.153846153846154,0.846153846153846
"187","194","Commerce St & Fayette St","31045","1402254285676","38.805648","-77.05293","true","false","1346442960000","","false","true",19,4,"1402251146929",2014-06-08 14:12:26,23,0.826086956521739,0.173913043478261
"188","195","Henry St & Pendleton St","31046","1402254336380","38.811456","-77.050276","true","false","1346442960000","","false","true",26,30,"1402246796300",2014-06-08 12:59:56,56,0.464285714285714,0.535714285714286
"189","196","Braddock Rd Metro","31047","1402254183980","38.814577","-77.052808","true","false","1346442960000","","false","true",5,31,"1402250414061",2014-06-08 14:00:14,36,0.138888888888889,0.861111111111111
"190","197","King St Metro","31048","1402254243107","38.805767","-77.06072","true","false","1346443020000","","false","true",5,31,"1402249903469",2014-06-08 13:51:43,36,0.138888888888889,0.861111111111111
"191","198","24th & N St NW","31255","1402254398196","38.9066","-77.05152","true","false","1341575340000","","false","true",23,32,"1402254396453",2014-06-08 15:06:36,55,0.418181818181818,0.581818181818182
"192","199","10th & E St NW","31256","1402254256386","38.895914","-77.026064","true","false","1342109700000","","false","true",6,2,"1402253210341",2014-06-08 14:46:50,8,0.75,0.25
"193","200","22nd & I St NW / Foggy Bottom","31257","1402254417105","38.90088","-77.048911","true","false","1342442220000","","false","true",1,7,"1402253917090",2014-06-08 14:58:37,8,0.125,0.875
"194","201","Utah St & 11th St N ","31049","1402254225163","38.883669","-77.113905","true","false","1342539420000","","false","true",22,30,"1402253741739",2014-06-08 14:55:41,52,0.423076923076923,0.576923076923077
"195","202","Barton St & 10th St N","31050","1402254300430","38.884961","-77.08777","true","false","1346771820000","","false","true",21,31,"1402252250801",2014-06-08 14:30:50,52,0.403846153846154,0.596153846153846
"196","203","Arlington Blvd & N Queen St","31051","1402254414851","38.889365","-77.077294","true","false","1346776740000","","false","true",3,1,"1402254414317",2014-06-08 15:06:54,4,0.75,0.25
"197","204","Lincoln Memorial","31258","1402254412840","38.888251","-77.049426","true","false","1349268360000","","false","true",13,15,"1402254411254",2014-06-08 15:06:51,28,0.464285714285714,0.535714285714286
"198","206","20th St & Virginia Ave NW","31259","1402254352886","38.894722","-77.045128","true","false","1359646980000","","false","true",1,8,"1402249700967",2014-06-08 13:48:20,9,0.111111111111111,0.888888888888889
"199","207","5th St & Massachusetts Ave NW","31265","1402254313318","38.90093","-77.018677","true","false","1367842440000","","false","true",1,12,"1402253588540",2014-06-08 14:53:08,13,0.0769230769230769,0.923076923076923
"200","208","39th & Veazey St NW","31308","1402254400266","38.943837","-77.077078","true","false","1360598160000","","false","true",13,6,"1402253674689",2014-06-08 14:54:34,19,0.684210526315789,0.315789473684211
"201","209","Fessenden St & Wisconsin Ave NW","31309","1402254370360","38.954812","-77.082426","true","false","1360588560000","","false","true",21,4,"1402249170825",2014-06-08 13:39:30,25,0.84,0.16
"202","210","M St & Delaware Ave NE","31627","1402254234832","38.905707","-77.003041","true","false","1360929900000","","false","true",1,17,"1402252975065",2014-06-08 14:42:55,18,0.0555555555555556,0.944444444444444
"203","211","Columbia Pike & S Courthouse Rd","31053","1402254334559","38.863833","-77.080319","true","false","1364482620000","","false","true",26,30,"1402249703128",2014-06-08 13:48:23,56,0.464285714285714,0.535714285714286
"204","212","Walter Reed Community Center / Walter Reed Dr & 16th St S","31054","1402254373471","38.857803","-77.086733","true","false","1364466180000","","false","true",24,28,"1402248379904",2014-06-08 13:26:19,52,0.461538461538462,0.538461538461538
"205","213","28th St S & S Meade St","31055","1402254369657","38.846222","-77.069275","true","false","1364476320000","","false","true",25,31,"1402250920742",2014-06-08 14:08:40,56,0.446428571428571,0.553571428571429
"206","214","18th St & Wyoming Ave NW","31114","1402254202086","38.918809","-77.041571","true","false","1365003300000","","false","true",2,16,"1402253476273",2014-06-08 14:51:16,18,0.111111111111111,0.888888888888889
"207","215","5th & Kennedy St NW","31403","1402254307219","38.956595","-77.019815","true","false","1365777420000","","false","true",22,3,"1402251918463",2014-06-08 14:25:18,25,0.88,0.12
"208","216","Georgia Ave & Emerson St NW","31405","1402254294108","38.949662","-77.027333","true","false","1365783540000","","false","true",25,4,"1402244046530",2014-06-08 12:14:06,29,0.862068965517241,0.137931034482759
"209","217","14th & Upshur St NW","31406","1402254199495","38.942016","-77.032652","true","false","1365794820000","","false","true",25,4,"1402249380347",2014-06-08 13:43:00,29,0.862068965517241,0.137931034482759
"210","218","14th St & Colorado Ave NW","31407","1402254391267","38.956432","-77.032947","true","false","1365798900000","","false","true",13,10,"1402250204904",2014-06-08 13:56:44,23,0.565217391304348,0.434782608695652
"211","219","S Troy St & 26th St S","31056","1402254216469","38.847977","-77.075104","true","false","1366725840000","","false","true",24,28,"1402249240605",2014-06-08 13:40:40,52,0.461538461538462,0.538461538461538
"212","220","S Four Mile Run Dr & S Shirlington Rd","31057","1402254255589","38.8444","-77.085931","true","false","1366729200000","","false","true",24,28,"1402250393374",2014-06-08 13:59:53,52,0.461538461538462,0.538461538461538
"213","221","S Oakland St & Columbia Pike","31058","1402254340010","38.860789","-77.09586","true","false","1366735380000","","false","true",21,31,"1402149830806",2014-06-07 10:03:50,52,0.403846153846154,0.596153846153846
"214","222","S Abingdon St & 36th St S","31059","1402254230895","38.835213","-77.094295","true","false","1366739700000","","false","true",23,28,"1402118525725",2014-06-07 01:22:05,51,0.450980392156863,0.549019607843137
"215","223","S Arlington Mill Dr & Campbell Ave","31060","1402254219340","38.84232","-77.089555","true","false","1366802400000","","false","true",22,33,"1402248933995",2014-06-08 13:35:33,55,0.4,0.6
"216","224","S Kenmore & 24th St S","31061","1402254401447","38.848454","-77.084918","true","false","1366825140000","","false","true",23,29,"1402187225686",2014-06-07 20:27:05,52,0.442307692307692,0.557692307692308
"217","225","13th St & Eastern Ave","32006","1402254211556","38.987","-77.029417","true","false","1380292680000","","false","true",26,30,"1402245858947",2014-06-08 12:44:18,56,0.464285714285714,0.535714285714286
"218","226","Wisconsin Ave & O St NW","31312","1402254193291","38.90849","-77.063586","true","false","1366910820000","","false","true",5,30,"1402254191548",2014-06-08 15:03:11,35,0.142857142857143,0.857142857142857
"219","227","S George Mason Dr & 13th St S","31062","1402254287928","38.854691","-77.100555","true","false","1372694040000","","false","true",24,28,"1402205207779",2014-06-08 01:26:47,52,0.461538461538462,0.538461538461538
"220","228","Connecticut & Nebraska Ave NW","31310","1402254311162","38.955016","-77.069956","true","false","1366894140000","","false","true",25,7,"1402254068699",2014-06-08 15:01:08,32,0.78125,0.21875
"221","229","17th St & Massachusetts Ave NW","31267","1402254288064","38.908142","-77.038359","true","false","1367851920000","","false","true",13,10,"1402254045243",2014-06-08 15:00:45,23,0.565217391304348,0.434782608695652
"222","230","15th & Euclid St  NW","31117","1402254364977","38.92333","-77.0352","true","false","1367856780000","","false","true",19,5,"1402254122393",2014-06-08 15:02:02,24,0.791666666666667,0.208333333333333
"223","231","8th & East Capitol St NE","31629","1402254325269","38.889988","-76.995193","true","false","1368545580000","","false","true",2,30,"1402254244792",2014-06-08 15:04:04,32,0.0625,0.9375
"224","232","New Jersey Ave & R St NW","31509","1402254276633","38.912659","-77.017669","true","false","1368532680000","","false","true",6,1,"1402254275705",2014-06-08 15:04:35,7,0.857142857142857,0.142857142857143
"225","233","15th & East Capitol St NE","31630","1402254304595","38.889908","-76.983326","true","false","1368541260000","","false","true",23,29,"1402254062137",2014-06-08 15:01:02,52,0.442307692307692,0.557692307692308
"226","234","8th & F St NE","31631","1402254417486","38.897274","-76.994749","true","false","1368552540000","","false","true",23,33,"1402253691559",2014-06-08 14:54:51,56,0.410714285714286,0.589285714285714
"227","235","18th St & Rhode Island Ave NE","31510","1402254185818","38.927095","-76.978924","true","false","1369915500000","","false","true",23,33,"1402253091840",2014-06-08 14:44:51,56,0.410714285714286,0.589285714285714
"228","236","15th & F St NE","31632","1402254233412","38.897195","-76.983575","true","false","1369928820000","","false","true",8,28,"1402251576898",2014-06-08 14:19:36,36,0.222222222222222,0.777777777777778
"229","237","12th & Irving St NE","31511","1402254318844","38.928644","-76.990955","true","false","1369923120000","","false","true",25,31,"1402244606368",2014-06-08 12:23:26,56,0.446428571428571,0.553571428571429
"230","238","34th St & Minnesota Ave SE","31709","1402254345284","38.884085","-76.957461","true","false","1370358840000","","false","true",19,32,"1402252413264",2014-06-08 14:33:33,51,0.372549019607843,0.627450980392157
"231","239","Alabama & MLK Ave SE","31800","1402254213851","38.843222","-76.999388","true","false","1370345160000","","false","true",23,29,"1402219723172",2014-06-08 05:28:43,52,0.442307692307692,0.557692307692308
"232","240","Pleasant St & MLK Ave SE","31807","1402254276652","38.863897","-76.990037","true","false","1370351820000","","false","true",24,28,"1402205209797",2014-06-08 01:26:49,52,0.461538461538462,0.538461538461538
"233","241","Neal St & Trinidad Ave NE","31512","1402254257070","38.903732","-76.987211","true","false","1371221640000","","false","true",13,6,"1402252190282",2014-06-08 14:29:50,19,0.684210526315789,0.315789473684211
"234","242","13th & U St NW","31268","1402254255932","38.916794","-77.029779","true","false","1371231240000","","false","true",21,11,"1402254254574",2014-06-08 15:04:14,32,0.65625,0.34375
"235","243","S George Mason Dr & Four Mile Run","31063","1402254274784","38.852248","-77.105022","true","false","1372690500000","","false","true",21,31,"1402249335920",2014-06-08 13:42:15,52,0.403846153846154,0.596153846153846
"236","244","S Stafford & 34th St S","31064","1402254210817","38.834108","-77.087323","true","false","1372701360000","","false","true",21,4,"1402233693623",2014-06-08 09:21:33,25,0.84,0.16
"237","245","N Pershing Dr & Wayne St","31065","1402254267678","38.880705","-77.08596","true","false","1372680300000","","false","true",13,33,"1402250497790",2014-06-08 14:01:37,46,0.282608695652174,0.717391304347826
"238","246","Columbia Pike & S Orme St","31066","1402254237219","38.867262","-77.072315","true","false","1372684620000","","false","true",19,32,"1402249367068",2014-06-08 13:42:47,51,0.372549019607843,0.627450980392157
"239","247","3rd St & Pennsylvania Ave SE","31269","1402254396556","38.887378","-77.001955","true","false","1374598740000","","false","true",1,6,"1402252171789",2014-06-08 14:29:31,7,0.142857142857143,0.857142857142857
"240","248","8th & D St NW","31270","1402254382605","38.894851","-77.02324","true","false","1374581640000","","false","true",8,1,"1402251996966",2014-06-08 14:26:36,9,0.888888888888889,0.111111111111111
"241","249","3rd & Elm St NW","31118","1402254407769","38.917622","-77.01597","true","false","1374589740000","","false","true",19,5,"1402254165682",2014-06-08 15:02:45,24,0.791666666666667,0.208333333333333
"242","250","Rhode Island Ave & V St NE","31513","1402254340542","38.918155","-77.004746","true","false","1375196700000","","false","true",13,10,"1402251585535",2014-06-08 14:19:45,23,0.565217391304348,0.434782608695652
"243","251","Constitution Ave & 2nd St NW/DOL","31271","1402254387218","38.892275","-77.013917","true","false","1375190280000","","false","true",10,33,"1402253770835",2014-06-08 14:56:10,43,0.232558139534884,0.767441860465116
"244","252","Washington & Independence Ave SW/HHS","31272","1402254268584","38.88731","-77.01397","true","false","1375445040000","","false","true",14,2,"1402254267118",2014-06-08 15:04:27,16,0.875,0.125
"245","253","Independence Ave & L'Enfant Plaza SW/DOE","31633","1402254235221","38.887397","-77.026154","true","false","1375789680000","","false","true",1,8,"1402252785576",2014-06-08 14:39:45,9,0.111111111111111,0.888888888888889
"246","254","Hamlin & 7th St NE","31514","1402254188554","38.927497","-76.997194","true","false","1376653440000","","false","true",24,32,"1402250198450",2014-06-08 13:56:38,56,0.428571428571429,0.571428571428571
"247","255","Columbia Pike & S Walter Reed Dr","31067","1402254198671","38.862478","-77.086599","true","false","1377605340000","","false","true",19,31,"1402240674100",2014-06-08 11:17:54,50,0.38,0.62
"248","256","Columbia Pike & S Dinwiddie St / Arlington Mill Community Center","31068","1402254295244","38.856319","-77.11153","true","false","1377776460000","","false","true",25,31,"1402185776948",2014-06-07 20:02:56,56,0.446428571428571,0.553571428571429
"249","257","Pershing & N George Mason Dr","31069","1402254386780","38.871822","-77.107906","true","false","1377792000000","","false","true",22,29,"1402247630888",2014-06-08 13:13:50,51,0.431372549019608,0.568627450980392
"250","258","Fenton St & New York Ave ","32001","1402254247909","38.985404","-77.023082","true","false","1380292620000","","false","true",24,32,"1402249185497",2014-06-08 13:39:45,56,0.428571428571429,0.571428571428571
"251","259","Bethesda Ave & Arlington Blvd","32002","1402254360364","38.981103","-77.097426","true","false","1380292620000","","false","true",19,9,"1402250047807",2014-06-08 13:54:07,28,0.678571428571429,0.321428571428571
"252","260","Montgomery Ave & Waverly St ","32003","1402254418124","38.983838","-77.09221","true","false","1382208480000","","false","true",19,32,"1402253450951",2014-06-08 14:50:50,51,0.372549019607843,0.627450980392157
"253","261","Fallsgrove Blvd & Fallsgrove Dr","32004","1402254286892","39.096312","-77.192672","true","false","1380292620000","","false","true",3,33,"1402248070872",2014-06-08 13:21:10,36,0.0833333333333333,0.916666666666667
"254","262","Traville Gateway Dr & Gudelsky Dr","32005","1402254298785","39.093783","-77.202501","true","false","1380292680000","","false","true",23,6,"1402242113271",2014-06-08 11:41:53,29,0.793103448275862,0.206896551724138
"255","263","Norfolk Ave & Fairmont St","32000","1402254318663","38.988562","-77.096539","true","false","1380292560000","","false","true",22,30,"1402244005352",2014-06-08 12:13:25,52,0.423076923076923,0.576923076923077
"256","264","E Montgomery Ave & Maryland Ave","32007","1402254342808","39.084125","-77.151291","true","false","1380292560000","","false","true",26,30,"1402189389401",2014-06-07 21:03:09,56,0.464285714285714,0.535714285714286
"257","265","Cordell & Norfolk Ave","32008","1402254268095","38.98954","-77.098029","true","false","1380292740000","","false","true",19,32,"1402249319119",2014-06-08 13:41:59,51,0.372549019607843,0.627450980392157
"258","266","Frederick Ave & Horners Ln","32009","1402254320530","39.094772","-77.145213","true","false","1380292740000","","false","true",22,30,"1402154054824",2014-06-07 11:14:14,52,0.423076923076923,0.576923076923077
"259","267","Philadelphia & Maple Ave","32010","1402254262153","38.98128","-77.011336","true","false","1380292740000","","false","true",23,33,"1402245071222",2014-06-08 12:31:11,56,0.410714285714286,0.589285714285714
"260","268","Maple & Ritchie Ave","32011","1402254314260","38.983627","-77.006311","true","false","1380292800000","","false","true",25,4,"1402247739080",2014-06-08 13:15:39,29,0.862068965517241,0.137931034482759
"261","269","Silver Spring Metro/Colesville Rd & Wayne Ave","32012","1402254406167","38.99521","-77.02918","true","false","1380292800000","","false","true",25,4,"1402178027944",2014-06-07 17:53:47,29,0.862068965517241,0.137931034482759
"262","271","Friendship Hts Metro/Wisconsin Ave & Wisconsin Cir","32014","1402254183066","38.961763","-77.085998","true","false","1380292860000","","false","true",21,7,"1402247634797",2014-06-08 13:13:54,28,0.75,0.25
"263","272","14th & Belmont St NW","31119","1402254417257","38.921074","-77.031887","true","false","1380719160000","","false","true",1,7,"1402253866176",2014-06-08 14:57:46,8,0.125,0.875
"264","273","3rd & Tingey St SE","31634","1402254239790","38.87501","-77.0024","true","false","1380722700000","","false","true",25,3,"1402252585888",2014-06-08 14:36:25,28,0.892857142857143,0.107142857142857
"265","274","10th & Florida Ave NW","31120","1402254367678","38.920387","-77.025672","true","false","1381320720000","","false","true",24,5,"1402253641980",2014-06-08 14:54:01,29,0.827586206896552,0.172413793103448
"266","275","Potomac Ave & 8th St SE","31635","1402254267632","38.876737","-76.994468","true","false","1381333800000","","false","true",21,4,"1402243766857",2014-06-08 12:09:26,25,0.84,0.16
"267","276","Crabbs Branch Way & Redland Rd","32015","1402254263081","39.120045","-77.156985","true","false","1382100480000","","false","true",25,31,"1402118599273",2014-06-07 01:23:19,56,0.446428571428571,0.553571428571429
"268","277","Fallsgrove Dr & W Montgomery Ave","32016","1402254319119","39.099376","-77.188014","true","false","1382120580000","","false","true",25,31,"1402205118764",2014-06-08 01:25:18,56,0.446428571428571,0.553571428571429
"269","278","Monroe St & Monroe Pl","32017","1402254216708","39.083705","-77.149443","true","false","1383309240000","","false","true",25,31,"1402205126852",2014-06-08 01:25:26,56,0.446428571428571,0.553571428571429
"270","279","Needwood Rd & Eagles Head Ct","32018","1402254229055","39.123513","-77.15741","true","false","1382107020000","","false","true",25,31,"1402118506857",2014-06-07 01:21:46,56,0.446428571428571,0.553571428571429
"271","280","East West Hwy & Blair Mill Rd","32019","1402254268783","38.990249","-77.02935","true","false","1383148920000","","false","true",23,33,"1402253060769",2014-06-08 14:44:20,56,0.410714285714286,0.589285714285714
"272","281","Crabbs Branch Way & Calhoun Pl","32020","1402254312504","39.107709","-77.152072","true","false","1382111460000","","false","true",26,30,"1402188177118",2014-06-07 20:42:57,56,0.464285714285714,0.535714285714286
"273","282","47th & Elm St","32021","1402254360242","38.982456","-77.091991","true","false","1382208540000","","false","true",22,33,"1402250294404",2014-06-08 13:58:14,55,0.4,0.6
"274","283","Garland Ave & Walden Rd","32022","1402254274621","39.000578","-77.00149","true","false","1383059580000","","false","true",23,33,"1402182108747",2014-06-07 19:01:48,56,0.410714285714286,0.589285714285714
"275","284","Montgomery College/W Campus Dr & Mannakee St","32023","1402254183005","39.095661","-77.159048","true","false","1382199120000","","false","true",3,4,"1402190039143",2014-06-07 21:13:59,7,0.428571428571429,0.571428571428571
"276","285","Fenton St & Gist Ave","32024","1402254298846","38.989724","-77.023854","true","false","1383054960000","","false","true",22,30,"1402234169147",2014-06-08 09:29:29,52,0.423076923076923,0.576923076923077
"277","287","Carroll & Ethan Allen Ave","32026","1402254278424","38.977933","-77.006472","true","false","1383070440000","","false","true",13,6,"1402247638211",2014-06-08 13:13:58,19,0.684210526315789,0.315789473684211
"278","288","Battery Ln & Trolley Trail","32027","1402254408823","38.992375","-77.100104","true","false","1382712300000","","false","true",23,33,"1402249229357",2014-06-08 13:40:29,56,0.410714285714286,0.589285714285714
"279","289","Norfolk & Rugby Ave","32028","1402254325553","38.990639","-77.100239","true","false","1382715180000","","false","true",19,32,"1402244895449",2014-06-08 12:28:15,51,0.372549019607843,0.627450980392157
"280","290","Offutt Ln & Chevy Chase Dr","32029","1402254382274","38.977093","-77.094589","true","false","1382722080000","","false","true",22,30,"1402252653407",2014-06-08 14:37:33,52,0.423076923076923,0.576923076923077
"281","291","Broschart & Blackwell Rd","32030","1402254390863","39.102099","-77.200322","true","false","1382798640000","","false","true",23,33,"1402205120915",2014-06-08 01:25:20,56,0.410714285714286,0.589285714285714
"282","292","Taft St & E Gude Dr","32031","1402254351245","39.094103","-77.132954","true","false","1382804520000","","false","true",24,32,"1402118504333",2014-06-07 01:21:44,56,0.428571428571429,0.571428571428571
"283","293","Fleet St & Ritchie Pkwy","32032","1402254382650","39.076331","-77.141378","true","false","1382809500000","","false","true",24,32,"1402248319290",2014-06-08 13:25:19,56,0.428571428571429,0.571428571428571
"284","294","Piccard & W Gude Dr","32033","1402254191400","39.102212","-77.177091","true","false","1382795700000","","false","true",3,33,"1402245545807",2014-06-08 12:39:05,36,0.0833333333333333,0.916666666666667
"285","295","Ripley & Bonifant St","32034","1402254409208","38.992679","-77.029457","true","false","1383141360000","","false","true",22,3,"1402179158917",2014-06-07 18:12:38,25,0.88,0.12
"286","296","Georgia Ave & Spring St","32035","1402254285632","38.999388","-77.031555","true","false","1383146520000","","false","true",22,30,"1402246732021",2014-06-08 12:58:52,52,0.423076923076923,0.576923076923077
"287","297","Fenton St & Ellsworth Dr ","32036","1402254406773","38.997033","-77.025608","true","false","1383135960000","","false","true",23,33,"1402252054743",2014-06-08 14:27:34,56,0.410714285714286,0.589285714285714
"288","301","Calvert St & Woodley Pl NW","31121","1402254261255","38.923583","-77.050046","true","false","1383657120000","","false","true",2,7,"1402253266953",2014-06-08 14:47:46,9,0.222222222222222,0.777777777777778
"289","302","New Jersey Ave & N St NW/Dunbar HS","31636","1402254302809","38.90706","-77.015231","true","false","1383662880000","","false","true",23,6,"1402254301939",2014-06-08 15:05:01,29,0.793103448275862,0.206896551724138
"290","303","Nannie Helen Burroughs Ave & 49th St NE","31710","1402254181286","38.898536","-76.931862","true","false","1383923280000","","false","true",24,28,"1402205126956",2014-06-08 01:25:26,52,0.461538461538462,0.538461538461538
"291","304","Deanwood Rec Center","31711","1402254318612","38.908473","-76.933099","true","false","1383923280000","","false","true",26,30,"1402242733566",2014-06-08 11:52:13,56,0.464285714285714,0.535714285714286
"292","305","Hains Point/Buckeye & Ohio Dr SW","31273","1402254390463","38.878433","-77.03023","true","false","1383929160000","","false","true",8,13,"1402254389117",2014-06-08 15:06:29,21,0.380952380952381,0.619047619047619
"293","306","Arlington Blvd & Fillmore St","31070","1402254395890","38.873755","-77.089233","true","false","1384527780000","","false","true",24,28,"1402251194889",2014-06-08 14:13:14,52,0.461538461538462,0.538461538461538
"294","307","Long Bridge Park/Long Bridge Dr & 6th St S","31071","1402254336438","38.86646","-77.04826","true","false","1384520760000","","false","true",25,31,"1402248482843",2014-06-08 13:28:02,56,0.446428571428571,0.553571428571429
"295","308","Old Georgetown Rd & Southwick St","32039","1402254236464","38.999634","-77.109647","true","false","1384367940000","","false","true",23,6,"1402174804841",2014-06-07 17:00:04,29,0.793103448275862,0.206896551724138
"296","309","Friendship Blvd & Willard Ave","32040","1402254394977","38.96115","-77.088659","true","false","1384355760000","","false","true",19,9,"1402243406443",2014-06-08 12:03:26,28,0.678571428571429,0.321428571428571
"297","310","North Capitol St & G Pl NE","31637","1402254337138","38.899703","-77.008911","true","false","1386954360000","","false","true",19,9,"1402253853903",2014-06-08 14:57:33,28,0.678571428571429,0.321428571428571
"298","311","31st & Woodrow St S","31072","1402254230016","38.837666","-77.09482","true","false","1387298640000","","false","true",22,29,"1402243337539",2014-06-08 12:02:17,51,0.431372549019608,0.568627450980392
"299","312","Washington Blvd & Walter Reed Dr ","31073","1402254246069","38.873219","-77.082104","true","false","1387287180000","","false","true",23,33,"1402183663994",2014-06-07 19:27:43,56,0.410714285714286,0.589285714285714
"300","313","Thomas Jefferson Cmty Ctr / 2nd St S & Ivy","31074","1402254277054","38.869675","-77.093586","true","false","1386774900000","","false","true",22,30,"1402230332712",2014-06-08 08:25:32,52,0.423076923076923,0.576923076923077
"301","314","Connecticut Ave & Tilden St NW","31313","1402254296155","38.941154","-77.062036","true","false","1386954480000","","false","true",19,5,"1402253087660",2014-06-08 14:44:47,24,0.791666666666667,0.208333333333333
"302","315","Medical Center Dr & Key West Ave","32041","1402254320628","39.103091","-77.196442","true","false","1389273960000","","false","true",24,32,"1402118505281",2014-06-07 01:21:45,56,0.428571428571429,0.571428571428571
"303","316","Shady Grove Hospital","32042","1402254325448","39.097636","-77.196636","true","false","1389287040000","","false","true",25,4,"1402118599377",2014-06-07 01:23:19,29,0.862068965517241,0.137931034482759
"304","317","Veterans Pl & Pershing Dr ","32043","1402254326061","38.997445","-77.023894","true","false","1391876460000","","false","true",22,30,"1402172245369",2014-06-07 16:17:25,52,0.423076923076923,0.576923076923077
"305","318","Rockville Metro East","32044","1402254203920","39.085394","-77.145803","true","false","1393000800000","","false","true",22,32,"1402154736857",2014-06-07 11:25:36,54,0.407407407407407,0.592592592592593
"306","319","1st & H St NW","31638","1402254399025","38.900358","-77.012108","true","false","1392727500000","","false","true",13,5,"1402254157078",2014-06-08 15:02:37,18,0.722222222222222,0.277777777777778
"307","320","Fort Totten Metro","31515","1402254258067","38.952369","-77.002721","true","false","1392825840000","","false","true",8,23,"1402245028990",2014-06-08 12:30:28,31,0.258064516129032,0.741935483870968
"308","321","Takoma Metro","31408","1402254241791","38.975219","-77.016855","true","false","1392833400000","","false","true",23,6,"1402248259988",2014-06-08 13:24:19,29,0.793103448275862,0.206896551724138
"309","322","Rhode Island Ave Metro","31516","1402254302119","38.920682","-76.995876","true","false","1393259520000","","false","true",1,12,"1402251943486",2014-06-08 14:25:43,13,0.0769230769230769,0.923076923076923
"310","323","Rolfe St & 9th St S","31075","1402254415681","38.866471","-77.076131","true","false","1394630640000","","false","true",19,32,"1402246787017",2014-06-08 12:59:47,51,0.372549019607843,0.627450980392157
"311","324","Shirlington Transit Center / S Quincy & Randolph St","31076","1402254367447","38.839912","-77.087083","true","false","1394637480000","","false","true",19,5,"1402247686558",2014-06-08 13:14:46,24,0.791666666666667,0.208333333333333
"312","325","Shady Grove Metro West","32045","1402254389322","39.119765","-77.166093","true","false","1397837820000","","false","true",24,5,"1402249423187",2014-06-08 13:43:43,29,0.827586206896552,0.172413793103448
"313","326","River Rd & Landy Ln","32046","1402254252887","38.964992","-77.103381","true","false","1396972380000","","false","true",21,8,"1402254251746",2014-06-08 15:04:11,29,0.724137931034483,0.275862068965517
"314","327","Rockville Metro West","32047","1402254232453","39.084379","-77.146866","true","false","1397847900000","","false","true",26,3,"1402170781528",2014-06-07 15:53:01,29,0.896551724137931,0.103448275862069
"315","328","Bethesda Metro","32048","1402254395896","38.984691","-77.094537","true","false","1398786060000","","false","true",2,4,"1402253439851",2014-06-08 14:50:39,6,0.333333333333333,0.666666666666667
